gps_lat (deg),gps_lon (deg),gps_alt (m),gps_vN (m/s),gps_vE (m/s),gps_vD (m/s)
4.073330906545776742e+01,-7.405626112077980849e+01,-4.862691935582810210e-01,-1.074632916089963697e-01,-9.426182938250799934e-03,-3.279758155335128073e-02
4.073330260837931860e+01,-7.405627640773245446e+01,1.245622732964721591e+00,-3.261021218865876176e-02,-5.926645764547641693e-02,-2.170748654812253847e-02
4.073330895168227528e+01,-7.405625052677262943e+01,6.024691159706158095e-01,7.945847562171694245e-02,-4.154144024124905438e-02,6.626437984173580431e-02
4.073331122490954925e+01,-7.405625262198581993e+01,1.340158931984170021e+00,9.718709442590625636e-02,-7.002919034063366521e-02,1.500261845635688512e-02
4.073331885928851648e+01,-7.405625448310630077e+01,-2.489867841511232971e-01,-2.336801813743992484e-02,5.032355504975103561e-02,-7.588613748600900322e-02
4.073331153057264231e+01,-7.405626023624415666e+01,-2.300974572773773374e+00,1.385095989544487052e-02,-7.703948117298724252e-02,9.602490451967714280e-02
4.073332496990828844e+01,-7.405623910100536023e+01,1.611791361608371220e+00,-1.629747973041910380e-02,1.605769257097535221e-02,4.807061698104183461e-03
4.073333050236313113e+01,-7.405627372926413443e+01,-9.349957176770377909e-02,1.215523689613336872e-02,2.459800886914417783e-02,-6.872812300183894774e-02
4.073331357606597436e+01,-7.405626376954013779e+01,-1.560243754818352535e+00,-3.063125694086862860e-02,-1.068675046710638489e-02,1.171097329321630354e-01
4.073331162243201931e+01,-7.405625173845713505e+01,5.768497738051447943e-01,-6.564561619396751257e-02,-6.296788231670133462e-02,-1.051595909705128201e-01
4.073332767960377510e+01,-7.405626730011654502e+01,-1.000691879751966384e+00,5.512157592176716858e-02,-3.052937913147454538e-02,1.410024958342388085e-02
4.073331142621574230e+01,-7.405625625183286331e+01,-3.881050534937127705e-01,-1.707314260101514339e-02,3.448203212259772638e-02,-4.175612202722045474e-02
4.073330250820170306e+01,-7.405625173794270211e+01,-2.746379034977957101e-01,2.377426463155642156e-02,9.962013624081865470e-02,-3.627844075287968428e-02
4.073331671412947941e+01,-7.405626054983792983e+01,6.860918911892394112e-01,1.012781856737340197e-02,3.237074206948794414e-02,2.485561911496399906e-02
4.073332131804313860e+01,-7.405625644173144906e+01,-1.502376836010546501e+00,-1.894956353626990045e-03,2.825175395856451346e-02,5.110862313149871355e-02
4.073331332265073002e+01,-7.405628437106256001e+01,2.206625156144041977e-01,-1.586104319528182371e-02,1.108247895219735546e-02,-2.905236394471872458e-02
4.073333513184858390e+01,-7.405627144714947008e+01,-8.546644753839326425e-01,7.594730032016307197e-03,3.628463766100804844e-02,6.732893541480926280e-03
4.073333008066593663e+01,-7.405627204724177659e+01,1.282893018575751443e+00,-1.830522780732838153e-02,-2.381342723898055916e-02,-4.487466674837895658e-02
4.073331291263267673e+01,-7.405625178606582892e+01,-1.310334964953875914e-01,5.753630650373237065e-03,3.530273663227467135e-02,4.835911988396170841e-02
4.073333032142636512e+01,-7.405626607923444737e+01,-2.309534969220854439e+00,4.252343897795878708e-02,-5.244598482640943499e-02,-5.336959236291970859e-02
4.073331853205407072e+01,-7.405625243490955256e+01,-6.350690395709285285e-01,-2.786455180659865374e-02,-6.167788084633895468e-02,1.462112790574243183e-02
4.073330814080754436e+01,-7.405626495613769578e+01,1.949059503296207252e+00,4.513536590935540715e-02,5.722061251694852968e-03,-1.049124065027955688e-01
4.073332477521369555e+01,-7.405626809296028057e+01,-1.593896443527949236e+00,2.359500251559749559e-02,2.965982542735531510e-02,-8.261754685065042514e-02
4.073331612143534386e+01,-7.405629327628733449e+01,2.196284368466906722e-01,3.859820280442613494e-02,-8.187583970179587722e-02,3.757304682213926522e-02
4.073331793157923642e+01,-7.405626928050624258e+01,-9.048737917501692429e-02,-1.083368094897794315e-02,2.348889746473742726e-02,2.393667900705428314e-02
4.073332653034277939e+01,-7.405626118375286637e+01,9.993763229913262824e-01,-4.608904600991108914e-03,2.003413379841888567e-02,1.373059419818389582e-01
4.073331075119105549e+01,-7.405626710801692525e+01,-1.203440905714028425e-01,-1.649236335804338954e-02,-1.735632180238258840e-02,6.261010560940481751e-02
4.073331080621078115e+01,-7.405624318069425271e+01,-3.291681855437824655e+00,8.857983648138825425e-03,9.240562986963207770e-02,-6.895022665305446108e-02
4.073332637191601435e+01,-7.405625234361072273e+01,-7.713769580370603007e-01,4.167586685411268574e-03,-6.535480069782233226e-02,2.777019735457686087e-02
4.073331953957612939e+01,-7.405626403474543906e+01,-1.539105346105554828e+00,1.027685248447167215e-04,3.341057294891445345e-02,-3.330955226710907019e-03
4.073331630255625413e+01,-7.405625935587154629e+01,-8.555534381366193264e-01,5.067715959933279113e-02,-4.402116342252068021e-02,-2.079793880205634340e-02
4.073331624998878908e+01,-7.405624726738984975e+01,1.134181972077159539e+00,-1.038923489648804419e-02,-2.865102379302317259e-02,4.535542666446894938e-02
4.073333581672029169e+01,-7.405627668624897808e+01,-4.937713092483383970e-01,-3.044754427043820655e-02,-3.215494109687849072e-02,7.981392392412179487e-03
4.073332965158892449e+01,-7.405623208921507228e+01,2.565369046966616828e+00,6.485978348170525279e-03,3.035393388297839140e-02,4.195992503446584199e-02
4.073332099400516171e+01,-7.405625224904748904e+01,-1.181033232952884537e+00,5.181166247121343771e-02,3.624423704801392476e-02,2.632489871481634436e-02
4.073332133125823162e+01,-7.405623152312728052e+01,1.370324160922915757e+00,2.531427163137861189e-02,-2.667434811131545042e-02,-4.880071139097086341e-02
4.073332270103131947e+01,-7.405626623256934238e+01,-1.153997522181262392e+00,-8.753261684712777824e-03,-5.146005916957586621e-03,-6.638862745270944499e-02
4.073330888991820586e+01,-7.405625187702182188e+01,-3.091353874489848330e-01,1.223079167284051721e-02,7.588464440465431116e-02,1.849314755312737868e-02
4.073331891485891987e+01,-7.405625384210966899e+01,-1.255236612086440884e+00,6.843773915699370713e-02,-4.706144341397678482e-02,9.841154821792192850e-03
4.073332361427767268e+01,-7.405624919469491374e+01,-2.965482265452586974e-01,-1.408397968949926804e-01,-1.925270992013344840e-02,5.125500522645353579e-02
4.073331366881394899e+01,-7.405624433218360991e+01,9.068101060982778350e-01,-1.586915012775300809e-02,1.013228887683156887e-02,-9.793520400558705999e-03
4.073332317647300016e+01,-7.405624335962440341e+01,1.119767444880978902e+00,-3.593497272714249458e-02,3.609792664944998231e-02,7.041970321788362493e-04
4.073330850505301726e+01,-7.405628073794784427e+01,-3.245742782652359271e+00,-2.555691561517405355e-02,-6.423669977451820778e-02,-7.909301273922478281e-02
4.073331513138773374e+01,-7.405625933259577209e+01,-5.972844475592942182e-01,5.019490689253887361e-02,4.633869121984333234e-02,-4.545777921768506119e-02
4.073332201928892715e+01,-7.405625863029381151e+01,3.092740137035434600e+00,-4.968702518703024817e-02,7.763237999022762348e-02,-7.521563747255807786e-02
4.073331204377556958e+01,-7.405626808693007490e+01,-1.970350731294207236e+00,7.434030624044526969e-02,-5.120387475728008231e-02,9.154848987690755724e-02
4.073331613150870822e+01,-7.405626234949858144e+01,-9.343719392516953992e-02,4.891327863626165895e-02,1.431954883832461251e-02,-3.022989348173795929e-02
4.073331376825074557e+01,-7.405626360605137393e+01,1.036410222539958070e+00,-2.726131899463080793e-02,5.357178950790447702e-02,-1.939707738369748219e-02
4.073332006384631399e+01,-7.405624074530699374e+01,2.213510902746159970e-01,7.991570922067547933e-02,-3.063279607651829897e-02,-1.746152419737443187e-02
4.073331891936896199e+01,-7.405625584516616300e+01,-8.229537877239740951e-01,2.088490828824797821e-02,-3.292644652621356388e-02,1.176654090638535807e-02
4.073332034516276678e+01,-7.405627380289283224e+01,1.939325126314987324e+00,-2.574337298668825241e-02,-5.089738104163918364e-02,-9.558824514678956191e-03
4.073332006133449568e+01,-7.405622789051172106e+01,5.702761621531124980e-01,1.733780552676620831e-02,-6.792497610880501857e-02,-4.322342755713524248e-02
4.073331057344032757e+01,-7.405626110900563219e+01,-3.985335520004981147e-01,-2.684831588670488420e-02,-4.133071990181109295e-02,2.383613929922781538e-02
4.073331760425177350e+01,-7.405624416382762831e+01,-1.969890113069256432e-01,-4.644544741650825405e-03,3.984934357040397640e-02,4.591379340732174019e-02
4.073331107964086328e+01,-7.405628438678228065e+01,1.072568381872404109e+00,9.440677945844837965e-03,6.982096762439226473e-03,6.352375720809548543e-02
4.073330974983887387e+01,-7.405625005099790314e+01,2.354719318936671524e+00,3.754470117716775246e-02,3.169940284378960221e-02,-9.072465154886839508e-03
4.073332225152289254e+01,-7.405626256919391892e+01,-8.995528069079488098e-01,1.181500062455332345e-01,-3.823862865724571292e-02,1.182556190445246402e-01
4.073330664327571782e+01,-7.405627952761136612e+01,9.024710006163730869e-01,4.963483758035009547e-02,5.393085878556019147e-02,3.025351422563988396e-02
4.073331297555490238e+01,-7.405625424750228092e+01,4.123267639231141812e-01,-2.395266126605694740e-03,7.477714391786859094e-02,-4.151228879557387896e-02
4.073331197758387390e+01,-7.405625936361838058e+01,2.162745560766721198e+00,-3.621294682106081242e-02,5.777189548087477422e-02,2.360217972880949283e-02
4.073331264392851381e+01,-7.405627098852075108e+01,1.687701396174322577e+00,-1.903455749954774054e-02,4.233617889267937695e-02,-2.005274477617587005e-03
4.073332124736104731e+01,-7.405624552425305751e+01,-8.625589436196200444e-01,-1.740665810389424931e-02,7.024061813881918304e-02,2.885570106569878071e-02
4.073331893817699267e+01,-7.405626721430432724e+01,1.103871950300978622e+00,1.909217068081231136e-02,-2.929196886092123517e-03,4.064006441175700354e-03
4.073333723134786766e+01,-7.405627137838850160e+01,1.658643528965301206e-01,-2.323141931075203837e-03,2.711388308641202172e-02,1.511893516017931427e-02
4.073331458169198527e+01,-7.405625230646032264e+01,-9.747961130681018771e-01,3.580717352367390749e-02,2.473613371856869109e-02,1.707910885301508128e-02
4.073330947176056327e+01,-7.405622374521483664e+01,-5.590756280317243920e-01,-1.913335913411932585e-02,2.713747716994971068e-02,4.640351297391998725e-02
4.073333686507354656e+01,-7.405625671736164861e+01,2.200755334978312661e+00,-5.571911792042984202e-02,-5.295956808236084584e-02,-1.307481239082158029e-03
4.073330635014955448e+01,-7.405626745305383452e+01,1.968442690760655811e+00,2.111421166388714743e-02,-3.516880562118523262e-02,7.019713700255923901e-03
4.073331178683073261e+01,-7.405625311080792983e+01,3.316500624302702593e-02,-5.375990622463604901e-02,-8.162621288708037104e-02,3.514988420439144057e-02
4.073331410546112608e+01,-7.405626221688208943e+01,3.809078159345538062e-01,-1.634199528222390549e-02,-5.595196346364780804e-02,-1.636404442881767007e-02
4.073333240373755615e+01,-7.405628283115211730e+01,-5.959332730720472426e-01,-5.208381650415236375e-02,6.483023996484621465e-02,-6.792997469433122160e-02
4.073331911380376624e+01,-7.405624683084128890e+01,-1.169655034889645950e+00,-3.706549407167975679e-02,-1.061499459570681980e-02,-4.335352927334322481e-02
4.073330424416087681e+01,-7.405626469084002395e+01,-4.591811174793712924e-01,-3.697733854359924049e-02,-3.607369528095011324e-02,-5.825082286138483223e-03
4.073331956302881451e+01,-7.405625703330184706e+01,3.117896291050030300e+00,5.457908748104681185e-02,-1.909907682266311774e-03,-6.379382000523457774e-02
4.073332715219547140e+01,-7.405626627894179137e+01,2.039443871823205523e+00,4.362463326003623854e-02,-4.432633600800387624e-02,-7.515786824928642751e-03
4.073334601813958500e+01,-7.405624486470449597e+01,-5.545443110455021696e-01,1.179492871512876316e-02,5.785121547774450118e-02,3.493776445276945697e-02
4.073331926834003269e+01,-7.405625154458172688e+01,1.521087132648938134e+00,-3.369246470229575463e-02,-1.921917126056410519e-02,-9.482645945401737414e-03
4.073332428563786323e+01,-7.405627892706390014e+01,-9.785940081488041509e-01,-2.135641832370324678e-02,9.337029532309153515e-03,5.177591584513662609e-02
4.073331169889613079e+01,-7.405625698552786673e+01,8.264978166574856733e-01,-1.154882371834844469e-02,8.191895008470251316e-02,8.331911904086369142e-03
4.073332767832377499e+01,-7.405626673525372894e+01,1.695074406608984230e+00,5.288493832290788732e-02,-5.059540450509492082e-03,-1.829763805975488655e-02
4.073332519528602091e+01,-7.405625806702731495e+01,-4.307893966058321533e-01,6.212080343525155229e-02,3.031826788290261851e-02,2.949015527248861901e-02
4.073332394980336346e+01,-7.405624572636534708e+01,-3.791361368460714476e-01,4.271500896049055390e-02,-3.255629906582890171e-02,6.374253164276942607e-02
4.073332629141538064e+01,-7.405624444850654697e+01,1.274144329902518469e-01,1.644005284913605675e-02,-4.705488689463810555e-03,-2.747289294302409160e-02
4.073332292071828675e+01,-7.405627475152410000e+01,-8.348097461122624963e-02,6.336255615860655888e-02,-3.441945170180586711e-02,-4.156573018842931594e-02
4.073333663315080599e+01,-7.405627614080167120e+01,-2.769918068665156441e-01,5.771102192923824314e-02,3.020887976410660536e-02,1.633167749113485084e-02
4.073333197677760609e+01,-7.405626621881522453e+01,-5.415435529480145949e-01,4.555762363269731663e-02,2.094631591431474552e-02,-3.348410375231072877e-02
4.073333282675366007e+01,-7.405627525772226250e+01,5.768315220976587554e-01,4.533004957464936702e-02,-3.906678086559516039e-02,3.469954631483823659e-02
4.073332238930910876e+01,-7.405627324235929620e+01,2.457770503742820190e-01,2.177301182906888483e-02,9.743220499760801845e-02,-4.821919131377484097e-02
4.073331808102609841e+01,-7.405625699232396641e+01,-1.475023713895436073e+00,-3.867881742803019884e-02,-4.341609249272301851e-02,-4.424736888213211261e-02
4.073330140768315744e+01,-7.405625957832286588e+01,6.043704527359605727e-01,9.381624833843645039e-03,4.190577284461974999e-02,2.732514878905976941e-02
4.073330395980723750e+01,-7.405627010935704391e+01,3.649844707246436837e-01,-1.005451073540975480e-03,-6.756178947451345340e-02,-9.310162398696641972e-03
4.073331475181672090e+01,-7.405626078815214441e+01,-5.588775434626643834e-01,-1.419291492966127943e-01,-1.615447516219879406e-02,-4.797268972909688595e-02
4.073332032478817410e+01,-7.405626537758280392e+01,1.590490370028405209e+00,-2.726589462237013692e-02,9.425665293271323630e-02,2.171682010082176539e-02
4.073332729924198503e+01,-7.405627631218379747e+01,-1.437523107041819070e+00,-1.954431103183174034e-02,-9.131032745557623315e-03,9.412636383853586336e-03
4.073330823343448515e+01,-7.405626228388162247e+01,1.154688315899745216e-01,3.230195720638048135e-02,5.789773351516404321e-02,-3.572894871191862470e-02
4.073333225780147160e+01,-7.405627487490932026e+01,1.623418541778643975e+00,1.768525988902760679e-02,-4.967165871714934733e-02,-2.253123458165995352e-02
4.073330354742476089e+01,-7.405626845653110024e+01,3.136328199947089335e-01,7.709242095573246023e-02,2.884736907258990402e-02,3.358551108417905801e-02
4.073332558316612761e+01,-7.405626449996364613e+01,1.805030082196842800e+00,5.066435116865779936e-02,-8.183559843043779203e-02,-3.207913436476154956e-02
4.073331800694717941e+01,-7.405622840918650240e+01,7.452727385626827239e-01,3.970798372563208445e-02,3.052695692842398445e-02,1.465534395212551334e-02
4.073331202175890553e+01,-7.405626285775944950e+01,1.280798320207078955e+00,-7.017888298857619112e-02,-5.912084088973540430e-02,6.763016367582368182e-02
4.073331424695927439e+01,-7.405627661060427158e+01,-7.176722094423507725e-01,-4.384812785982093036e-02,2.603494233679227044e-03,4.996663765371957798e-03
4.073332235757622044e+01,-7.405625713183843573e+01,-1.576973620611095583e+00,5.064662134882463862e-02,9.620493849882388870e-02,-3.195878357901995453e-02
4.073332319495013820e+01,-7.405627229891466357e+01,5.005971627484326891e-01,-1.982382795919569729e-02,-3.270729568671488369e-02,-9.257344946743323311e-03
4.073330307049743482e+01,-7.405627621130139460e+01,-4.728697991461187911e-02,2.703523176296919461e-02,-3.990886833748470697e-02,-1.422122040443641634e-02
4.073333474974207746e+01,-7.405626511591181327e+01,1.689508994090834992e+00,-8.372574460067368565e-03,-4.337941941851577998e-02,5.349754251725111903e-02
4.073332060212617023e+01,-7.405627601658473225e+01,-5.338951303444118279e-01,6.503097598605954432e-02,-4.137602043737828583e-02,-3.221876425008855793e-02
4.073332384110776161e+01,-7.405627204106187378e+01,-1.703812694478159306e+00,-1.557926058356903093e-02,-1.675349009404250231e-02,3.372056079989348837e-02
4.073331981806680346e+01,-7.405625481881386918e+01,1.010103704213737297e-01,-2.494079817416656672e-02,-6.195082992787423644e-04,5.867714350499315945e-02
4.073333250114667692e+01,-7.405627525825902069e+01,4.535130712629851235e-01,-4.996746614414514925e-02,2.202952893934718298e-02,2.908997295765168578e-02
4.073331799830246069e+01,-7.405627176604296835e+01,-5.786757384523929737e+00,3.714768913212068008e-02,-4.455345269077920500e-02,-2.032831533688884886e-03
4.073331320146355239e+01,-7.405626768231735468e+01,6.609533375669044419e-01,2.502172262747289974e-02,3.353855573124514544e-02,-6.102387951401036514e-02
4.073330588916526551e+01,-7.405626855637217432e+01,6.045977001324864819e-01,4.804949693867868743e-02,-6.024989925152750975e-03,1.907695971636997126e-02
4.073332473513187324e+01,-7.405627278393592405e+01,2.108884099958346692e+00,2.778243908356811676e-02,4.603136641914840760e-02,-7.557978438899799756e-02
4.073331953428423446e+01,-7.405627197259367733e+01,-6.493375866369075489e-01,2.378849788989616243e-02,-3.760157135154739566e-02,-8.967989247407032183e-02
4.073331347177612116e+01,-7.405625453873754793e+01,-2.446442079586476748e+00,9.157904856362153456e-02,6.974108246794678834e-02,4.872644672379344150e-02
4.073332183232391657e+01,-7.405627667164755223e+01,-4.121500116876998798e-01,-1.183901650774332043e-02,-3.039941974836433969e-02,4.128135845072487126e-02
4.073330999451248857e+01,-7.405623596330170244e+01,2.048444267262407248e+00,-4.096466217972397073e-02,-6.366959458816350004e-02,-1.287684219147460819e-02
4.073332607973500075e+01,-7.405626226251740718e+01,-9.054589564419067427e-02,7.075431430840492530e-02,1.175673851934332936e-01,-2.035471284158337987e-02
4.073331893968597228e+01,-7.405623822630778363e+01,4.811654417804694384e-01,8.650182546667520463e-04,-8.249944086435066770e-02,-4.175164643850929475e-02
4.073333194814024694e+01,-7.405626066585277556e+01,1.793395777025245663e-01,5.633181518254159331e-03,4.942656977954196229e-02,-1.417226408553545758e-01
4.073330865251725186e+01,-7.405625379922179263e+01,-1.181874270436465535e+00,1.229407338939921684e-01,1.531157765679694860e-01,4.120578893615678417e-02
4.073331483275649134e+01,-7.405625378999350517e+01,7.396704403099508829e-01,8.095198738514455816e-03,-5.559391660751499681e-02,-2.485987500344638210e-02
4.073331678097954978e+01,-7.405627048704103288e+01,-1.645738248856544461e-01,-8.100348241016524717e-03,-6.920664798942137430e-02,-9.980365040023259082e-02
4.073332158421477800e+01,-7.405628113489686370e+01,2.197543907670036933e+00,4.354478988888088598e-02,-4.034267053094280076e-02,-2.146606569899247793e-02
4.073331635160254649e+01,-7.405625363897911484e+01,-1.725151895766450227e+00,1.591630473589834838e-02,5.459976298524843452e-02,-5.557853255277243540e-03
4.073332343678087852e+01,-7.405626149292756111e+01,1.806857737910898321e+00,2.211100377519149840e-02,-7.398950709063883968e-02,1.850026455421774699e-02
4.073331327436695659e+01,-7.405627002087427968e+01,-2.107384676791440370e+00,1.655867632370959866e-02,2.425325712479867168e-02,-2.305253478189284166e-02
4.073333310929086082e+01,-7.405626477511694361e+01,-2.488005902945875369e-01,-4.105421094479327904e-02,-1.191878801251969461e-01,3.507668044554204754e-03
4.073331260035146784e+01,-7.405625759786671836e+01,-1.392292983542410711e+00,-5.129442668029636498e-03,4.189629591864130198e-02,-1.388488621196276585e-02
4.073332313030979179e+01,-7.405623987727413748e+01,-3.330127731638599653e-01,-6.398277103590682864e-03,-4.989204052045547247e-04,1.671897131166995331e-03
4.073331323425663442e+01,-7.405625471467116938e+01,-6.186563544815462112e-01,3.956480009918148660e-02,-9.422998705901480809e-02,-8.684802928530496735e-02
4.073330707620591085e+01,-7.405624157227229887e+01,3.444715985419513071e-01,8.342701610782704905e-03,2.765112439538271183e-02,-1.560491291998137610e-02
4.073332481748144573e+01,-7.405625822383441914e+01,-2.279389265502473449e+00,-5.135547576569328421e-02,4.908958581388375708e-02,-5.339206762625911540e-02
4.073330601827915132e+01,-7.405625009269110137e+01,1.197494035157794512e+00,2.575652224291447023e-02,2.693652851650669196e-03,3.611092461116570482e-03
4.073331610911422018e+01,-7.405625121517562093e+01,8.344867404712194014e-01,-9.064563184699997792e-03,-9.290211405073614537e-02,2.526148159121298364e-02
4.073332757652673308e+01,-7.405625787552645534e+01,2.024251701032907746e+00,2.888200659681118554e-02,4.428569547794398292e-02,-4.491187075263902012e-02
4.073333035408571590e+01,-7.405625594942928558e+01,-8.641816980719259078e-01,-3.308435203956364840e-02,-9.318933269359806759e-03,2.544359315084892062e-02
4.073331036058724663e+01,-7.405626520335948726e+01,1.268003267597363815e+00,8.348094365723862653e-02,-6.047965954157644847e-02,-5.035425460459289071e-02
4.073333317461850100e+01,-7.405626090421557706e+01,1.045454974055143760e+00,1.432948730178009930e-03,6.375034927343517857e-03,5.363853867286916266e-02
4.073331191209645397e+01,-7.405626203907655736e+01,-7.113748821016419033e-01,-8.337758169870902736e-02,9.040470835905399516e-02,2.155494146952738332e-02
4.073332234851780953e+01,-7.405626975769185094e+01,-1.381244943343676423e+00,2.689392939478445210e-02,4.596309278771520956e-02,2.043079201691498301e-02
4.073331223218355035e+01,-7.405626966967398062e+01,-1.418062472313478262e+00,2.546732202242811549e-02,-2.782049323622346783e-03,-5.599035661644572587e-02
4.073332688847978034e+01,-7.405622732062869318e+01,1.851042749611520266e+00,-5.488507485551522014e-02,3.287730212229744708e-02,-1.203189514966244988e-02
4.073334072067050471e+01,-7.405626223864001645e+01,-1.754283701607035173e+00,-5.242116363812907021e-02,-8.613648847976697331e-03,-1.206126310909784449e-02
4.073329688681491945e+01,-7.405627616207685548e+01,1.004929865872890238e+00,1.016970268877414596e-01,2.129207361758428396e-02,2.366291534888537162e-02
4.073332516901712808e+01,-7.405625607900196883e+01,-1.000784136508549166e-01,2.840030020612237596e-02,5.163787785533874471e-03,6.572853795549868795e-05
4.073332130388624250e+01,-7.405626131201655937e+01,2.388091538109583301e+00,9.129229181914733093e-02,-1.042709795332654940e-02,6.355630345782115054e-02
4.073333740178306783e+01,-7.405626355564547225e+01,2.289174832873176399e-02,-4.528941056997731057e-02,1.264966899414562800e-02,6.425272172878056243e-02
4.073332240054639897e+01,-7.405624372471909567e+01,-6.456124267553257079e-01,-3.882220729025911282e-02,1.559572639771413249e-01,3.878394587559520074e-02
4.073331081504944251e+01,-7.405625126803847991e+01,-4.300545547820444070e-01,-3.694880689238865673e-02,-2.085645165153095747e-03,6.359653328141794126e-02
4.073331734795064563e+01,-7.405627986466180346e+01,1.942719419080420618e-01,5.978449817898678909e-02,2.628326147442315575e-03,-5.227714877918043790e-02
4.073332353375499792e+01,-7.405623619824059745e+01,-1.230330583512302262e-01,-5.371036959015819401e-02,4.575846625959345548e-02,1.277937900411514616e-02
4.073332538217599108e+01,-7.405627946682714935e+01,7.668207378312101863e-01,-1.516183389489187197e-02,8.446836883959574216e-02,8.180593018482780476e-02
4.073332037980451759e+01,-7.405626952258626261e+01,-1.247079390512485952e+00,8.018568709054792534e-03,-2.547823319780193052e-03,2.509241354660597927e-03
4.073331529610624102e+01,-7.405624374424851908e+01,7.795000876577631854e-02,8.429591584055390330e-02,-6.608755261705380468e-03,3.341758865079136592e-03
4.073332004176069887e+01,-7.405625716173152284e+01,2.668656939634503900e-01,-5.620090522544824579e-03,1.361367813706115294e-02,-5.263675466599037484e-02
4.073330793969554264e+01,-7.405627028937574607e+01,-4.082520932479538622e-01,-6.262882035350353371e-02,-9.214678647620215546e-02,-1.047633210081252812e-02
4.073331870761565909e+01,-7.405624811283918518e+01,5.312468216232018037e-01,3.260757056900590034e-02,-3.039095722618244400e-02,-1.929931440980586083e-02
4.073331694091911714e+01,-7.405626708765440469e+01,-1.604938977503420627e-01,1.133246940854947815e-01,5.911510432473787713e-02,3.799982716489793202e-03
4.073332085476053521e+01,-7.405626300596915712e+01,1.128630656260745102e+00,4.021737491511046675e-02,-4.738094861929899315e-02,-2.464236475392467870e-03
4.073332033326826007e+01,-7.405625365569827068e+01,4.740024387003798773e-02,-1.362582934425493088e-02,-2.067876402334449873e-02,-4.140432794340699434e-03
4.073331690141051808e+01,-7.405622761374648633e+01,-7.860326645850516103e-01,-4.357041356309473285e-02,-3.956745943653078995e-02,3.404065387527029779e-02
4.073331881993646419e+01,-7.405625477834932724e+01,1.941958558265730383e+00,-2.111123874533952713e-02,-1.429508835570924077e-02,-8.572517249276255871e-03
4.073332833472652936e+01,-7.405627919290498085e+01,-8.564613906017537470e-01,4.639975272412322216e-02,-3.301094706420693026e-02,7.182338032283189233e-02
4.073332242714202778e+01,-7.405626373538667906e+01,2.116121774357023533e+00,-5.470649134065451620e-03,1.585705877118308293e-02,-2.473192333655327077e-02
4.073332058957711865e+01,-7.405627317622149519e+01,2.838449643313430748e+00,-1.710087502729290207e-02,-5.525884734694400113e-02,-1.412600200497222958e-02
4.073332383279177549e+01,-7.405626071777777497e+01,7.709558509347028687e-01,8.923505551940595637e-02,7.477470549535160382e-02,-2.573400022225431211e-02
4.073330609881460163e+01,-7.405626498207990949e+01,1.291926960886320863e+00,1.796069249989614910e-02,-3.765169536735725464e-02,-1.142177898238682654e-01
4.073331577743843468e+01,-7.405625465826808806e+01,-2.816291347579632731e+00,-7.053279270716414535e-03,-1.799477199911276096e-02,-8.067396498841876776e-03
4.073333374780757055e+01,-7.405626788550735284e+01,6.829714725187100433e-01,7.729704197869269322e-02,-6.483800123123729942e-02,2.616538536927322332e-03
4.073333467514667916e+01,-7.405624399511269473e+01,-4.968868805445628145e-01,-1.136979951863132006e-02,-7.061364457343211054e-02,7.158022769042346467e-02
4.073331341677154427e+01,-7.405628211786073223e+01,-5.967497831549003484e-01,3.053966008921420172e-02,-6.253639843745672361e-03,9.396656625018383335e-02
4.073332433911100026e+01,-7.405627105411177524e+01,-1.920088560044487802e-01,2.267626150186521222e-03,1.313336515008782512e-02,-3.147857807962062965e-02
4.073333011328821840e+01,-7.405627314284328122e+01,-8.137642370988517060e-01,1.442924336162950197e-02,-1.404154869279045439e-02,-3.342273994667292747e-02
4.073333160910567585e+01,-7.405626620074544064e+01,-7.903147580170323261e-01,5.526853358626435814e-02,8.032955414597185706e-02,-4.756089198236813226e-02
4.073331978134147136e+01,-7.405626761141996894e+01,2.390152915495748598e+00,-1.283071399391508272e-02,-2.201956284812619027e-02,-6.376162292234990869e-02
4.073331188579838624e+01,-7.405626710786867761e+01,-4.530199868339345182e-01,2.861586257357307678e-02,1.000391908714523895e-02,6.833358732795909336e-03
4.073330961703897657e+01,-7.405624760699726039e+01,-6.671523231837577228e-01,-6.450058758801642880e-03,3.575469059336597311e-02,-1.733890983922250009e-02
4.073332201954708864e+01,-7.405627168753217404e+01,2.661696987579840190e-01,3.002948420991001857e-02,-2.254901503415788003e-02,-4.724276840604322431e-02
4.073332862484028283e+01,-7.405625735027686574e+01,-2.464611618898026268e+00,7.101829283481563004e-02,-9.099743727829651130e-02,-2.399297333068651020e-02
4.073330956639118483e+01,-7.405628685912529363e+01,-1.247762810215107709e+00,1.763004889318897693e-03,1.576490844126326660e-02,3.241826654460527174e-02
4.073331670850400599e+01,-7.405626857018344822e+01,4.303963443664924338e-01,-1.764712144641814376e-02,9.196924030002065487e-02,2.082485053643342438e-02
4.073331287582119131e+01,-7.405627400517983006e+01,-2.457214198756183521e+00,6.303986255937936434e-02,-1.615640882563701072e-02,7.172027605766344294e-02
4.073331677862012867e+01,-7.405626654373924111e+01,-2.810892855522066913e+00,1.520623759007724840e-02,4.428492035433483076e-02,3.056252557718534130e-02
4.073331059421772693e+01,-7.405624281818793975e+01,1.629033641683025557e+00,4.824622576513995509e-02,2.078234999939905514e-02,-5.097356353093023679e-02
4.073331434401033135e+01,-7.405624503410766124e+01,-1.290017571412026554e+00,1.443500646192947580e-02,-8.135990432806747275e-02,-7.248044780429362122e-02
4.073332382618268355e+01,-7.405627211492846129e+01,2.684826999024265137e-01,6.401922464206614982e-02,-7.958148941364615037e-02,3.057601314767252262e-02
4.073332427325409100e+01,-7.405626183151321129e+01,-7.710958859945210575e-01,-9.454674650322627064e-03,-3.735308052154402703e-02,5.559055607861112386e-02
4.073331131978090269e+01,-7.405625101170639368e+01,7.886643958065554516e-01,3.681901732410081118e-02,7.033417043986106565e-03,1.000253122172051062e-01
4.073332668999859152e+01,-7.405627320330113150e+01,-1.153437819598111425e+00,4.358305272689503435e-02,4.748952032586556404e-02,1.021841728983457903e-01
4.073332157958433442e+01,-7.405625213057749079e+01,-2.254018728964573892e+00,-7.911605782675823484e-02,-1.692482990708168641e-02,-3.640458749102308544e-02
4.073332101153351914e+01,-7.405625184995085419e+01,1.775698885949029027e+00,-5.672504029991336932e-02,-3.736657632474470886e-02,5.646965702612062599e-02
4.073331119990844229e+01,-7.405627772422506894e+01,-3.784493950721389277e-01,-1.582262017619801286e-01,1.996358540251166186e-02,-6.888261773577264435e-02
4.073332059731862387e+01,-7.405626868175113486e+01,1.901747255373429146e+00,8.989482893854112977e-02,-3.829509568123631164e-02,3.162350872909984456e-02
4.073332048460727606e+01,-7.405626602490920618e+01,-8.956178461195912766e-01,5.418757783027302460e-03,-3.948326246923430927e-02,-5.702965775620412459e-04
4.073332408857172737e+01,-7.405624768323959017e+01,-6.370913460746594481e-01,-4.056285334306959471e-03,2.903349578618165741e-02,1.208597553994321568e-02
4.073331669407298961e+01,-7.405625647994068572e+01,2.195540106955110371e+00,1.401445767042249282e-02,-2.563664565245253601e-02,-2.663427085360541013e-02
4.073332964527166666e+01,-7.405628919757950257e+01,-8.407128407190465058e-01,6.472318970649034581e-03,-2.830427249681115309e-02,7.480517886904823610e-02
4.073333006083608865e+01,-7.405628264730721355e+01,8.265178277750420688e-02,7.733204071645677705e-03,5.926376154281443043e-02,-1.756629657606885789e-02
4.073332074290517113e+01,-7.405625563114126919e+01,9.058953775220910387e-01,-6.562644991980995379e-02,4.365643310826979040e-02,9.104930388420007237e-02
4.073332663118602426e+01,-7.405623937303998616e+01,1.997563659500671385e+00,-2.405171570915956569e-02,2.197486309822015149e-02,-3.627995517770221667e-02
4.073332561931150053e+01,-7.405625831602030473e+01,-4.585488720443773869e-01,6.016751837304608053e-01,-7.890556617317513455e-01,4.532920484879962575e-02
4.073331667133114564e+01,-7.405628319982035634e+01,-7.326357963697831543e-01,1.301046566201479182e+00,-1.579744867873845715e+00,-1.824294604280762497e-02
4.073334222160189455e+01,-7.405629431042274291e+01,-5.302349072626318938e-01,1.940146740436324624e+00,-2.309585395538700237e+00,-7.052530763001822744e-02
4.073336807804493986e+01,-7.405632730214634307e+01,8.693918564397622450e-01,2.593199042973309165e+00,-3.148857513117796714e+00,-3.298230092643172906e-02
4.073340670418031095e+01,-7.405636571131111623e+01,-1.060615520136993561e+00,3.222957936632232290e+00,-2.298662843190163230e+00,-1.885032835209006843e-02
4.073341964376071900e+01,-7.405637811503078183e+01,5.844311349818656076e-01,3.973112707351986739e+00,-3.956717536945453251e-01,2.134959376155523472e-03
4.073344446325878465e+01,-7.405639788011279734e+01,-4.920955482360010458e-01,3.928021117181790256e+00,8.590127014969926034e-01,6.789849455766461608e-03
4.073349718934639441e+01,-7.405637011551185367e+01,-1.079942848798954858e+00,3.606122838868904168e+00,1.642958611940522617e+00,-5.920964013873811216e-02
4.073350525516824661e+01,-7.405634893402942964e+01,8.708010212324829996e-03,3.404266837172523097e+00,1.993137638286882618e+00,5.061214029295318939e-02
4.073356859685762998e+01,-7.405630288560340091e+01,4.995166796762485206e-01,3.308566187654351065e+00,2.214054571838024454e+00,-1.696171618692652802e-02
4.073357817886461163e+01,-7.405630021762409854e+01,1.069879860651602010e+00,3.203879199085963858e+00,2.369890581855746525e+00,-3.558146297850389023e-02
4.073361698748712456e+01,-7.405626396913535814e+01,-1.391547613108227999e-01,3.118521250584390447e+00,2.442686292663606373e+00,-1.462988700661473421e-02
4.073364444094933390e+01,-7.405620392901053606e+01,2.296549303577627155e-01,3.098257822488791113e+00,2.496451088610452729e+00,-2.966050009342146784e-02
4.073366693771285441e+01,-7.405620072380358465e+01,6.455431642602433850e-01,3.042488129067368430e+00,2.550602635121947959e+00,3.469583444370383241e-02
4.073369031335019486e+01,-7.405616873455424809e+01,3.306760483280305474e-01,3.053438524025162693e+00,2.465749425784627746e+00,-4.327609036466906201e-02
4.073371842948785826e+01,-7.405613299101720770e+01,1.068778912516526791e+00,3.075352693710978969e+00,2.509002537478179917e+00,6.021501840216980650e-02
4.073375106226318110e+01,-7.405611824409974986e+01,1.936478282228409897e+00,3.107078212925779681e+00,2.578947037292368183e+00,2.940756868327542087e-02
4.073378815473156322e+01,-7.405606879460181347e+01,3.882995850619770373e-01,3.054133856237099209e+00,2.573140341147330812e+00,3.417095343395223223e-02
4.073382439707197733e+01,-7.405604344280402529e+01,7.216348934612744070e-01,3.047282361789699134e+00,2.627610101238838869e+00,2.091744161786930189e-03
4.073383090571599041e+01,-7.405602051596707724e+01,-3.225742422569163104e+00,2.246932449567506040e+00,1.928836047882593885e+00,8.847772191586684293e-03
4.073386045565461444e+01,-7.405599326057854626e+01,1.252838532850177877e+00,1.543198165252226195e+00,1.244393171614466498e+00,-3.398713191635720915e-02
4.073386359762778852e+01,-7.405599614611456616e+01,1.325638062476903301e+00,7.988268511210807610e-01,7.667075769189861667e-01,6.215173993647558209e-02
4.073387917350198251e+01,-7.405598993861761414e+01,-3.229074400282679891e-01,-4.598453191433140436e-02,1.032918042131269337e-02,1.959565019211099990e-02
4.073387805286091634e+01,-7.405598723827814922e+01,-1.048072655117916030e+00,9.005736865981907036e-01,5.758883709206581436e-01,4.493168788531063523e-02
4.073387044945106794e+01,-7.405599013306236600e+01,-2.001157596799758576e+00,1.680953252442606294e+00,9.624928761316851045e-01,-8.523101861219356534e-02
4.073390678104962603e+01,-7.405596874474909441e+01,1.240754824638019560e+00,2.658749499442165654e+00,1.393787291301232356e+00,8.858242989822490143e-02
4.073392226822834061e+01,-7.405592346118635305e+01,2.434965339418602603e+00,3.464299019537361524e+00,1.737547254701357069e+00,9.584290811412642889e-04
4.073396013007122463e+01,-7.405593863736562810e+01,-1.554735487568588592e+00,4.371905377145275828e+00,2.237634880807575222e+00,3.573656217000718838e-02
4.073398509261460987e+01,-7.405590036953930166e+01,3.098600913457616013e+00,5.411817058714344597e+00,2.715058899171957751e+00,-2.665255507614469610e-02
4.073407025181443686e+01,-7.405583165667574974e+01,-1.781487526612566707e+00,6.278854003036107301e+00,3.187783609484417635e+00,2.334834790755274669e-02
4.073411540707154188e+01,-7.405581019241162721e+01,8.577781092464187296e-01,6.071150605442794834e+00,5.180794581727838910e+00,-3.972248944982947894e-02
4.073416361386242102e+01,-7.405572146146786849e+01,-2.844315721543650088e+00,1.864868488712473349e+00,8.807219912771095949e+00,-4.806033423343632899e-02
4.073415448460836075e+01,-7.405562774370191903e+01,2.856839359326610150e+00,-2.391321207492691503e+00,9.623076876058249240e+00,5.044690194212381185e-02
4.073410401313915941e+01,-7.405549307141377824e+01,-9.188202014497016956e-02,-5.433119691935969442e+00,8.405420285455088347e+00,-2.803820692247837101e-02
4.073406012066894277e+01,-7.405543472785785752e+01,-4.829469222984853483e-01,-7.061689994983113117e+00,7.027325329192261272e+00,3.507305212106554687e-02
4.073399441797428722e+01,-7.405535724795770136e+01,-6.886463539801359612e-01,-7.917331757659116676e+00,6.175390077401437416e+00,3.395031685355483914e-03
4.073391155522956808e+01,-7.405527042586155062e+01,-1.775434191262854344e-01,-8.536128848486740139e+00,6.916727107925399132e+00,2.269243674042983102e-03
4.073384156004623691e+01,-7.405517340082865019e+01,2.686572157789545834e+00,-9.209472100332986244e+00,7.712508986757602436e+00,-2.712903015511449259e-02
4.073374650986826850e+01,-7.405508722219373396e+01,7.375036506939618430e-01,-9.758950498684209052e+00,8.415379065057715380e+00,-2.892031307095975848e-02
4.073366958147847328e+01,-7.405496479693101719e+01,-1.466610855808957448e+00,-1.052280731403648595e+01,9.210900686009628302e+00,-6.621756498323184970e-02
4.073356131578383099e+01,-7.405486140861782474e+01,-3.818346958316644613e-01,-1.124773938708112730e+01,9.970773583676949769e+00,-5.368067362362458766e-02
4.073345509076872872e+01,-7.405473305454366084e+01,-1.908811916152833410e+00,-1.191332329802998835e+01,1.067341460429080335e+01,8.048769967298322059e-02
4.073335507714938331e+01,-7.405460285077191429e+01,-2.400402859397725130e+00,-1.261763064360100195e+01,1.144840526243845602e+01,-2.030507874439805779e-02
4.073323248346770242e+01,-7.405447075709247429e+01,1.946962687717384288e-01,-1.344483732637132967e+01,1.206325205246382204e+01,6.916542809479149512e-02
4.073310565582264076e+01,-7.405432810759980100e+01,1.048601539692627149e+00,-1.416254668818776352e+01,1.281921110091322191e+01,8.798698805009803892e-02
4.073297470726408420e+01,-7.405417782874978627e+01,1.636758452989103940e+00,-1.495937336889508984e+01,1.340085572436851713e+01,-1.510590310477808243e-02
4.073283388206870370e+01,-7.405401780216946861e+01,2.652361279057735000e-01,-1.544398011187709230e+01,1.275087743379575933e+01,6.271195898269127378e-02
4.073270664100169114e+01,-7.405387018628267981e+01,8.305150419176211551e-01,-1.574136559200484520e+01,1.248407729803401622e+01,-8.533531778190309169e-02
4.073255246726071732e+01,-7.405371023369852423e+01,2.878878012743025239e-01,-1.596482929523309835e+01,1.216533761139350212e+01,8.182075429027180213e-02
4.073242012451215999e+01,-7.405359100843324427e+01,-2.814080971360811034e+00,-1.609735774418968290e+01,1.189483142221085643e+01,-2.499669108635271808e-02
4.073225519219779756e+01,-7.405344611621643480e+01,4.215275815043088015e-01,-1.608305170337569479e+01,1.190927131471138622e+01,5.293018032109642057e-02
4.073213173425863687e+01,-7.405329162968493506e+01,9.508338482726106378e-01,-1.561567669866925101e+01,1.260851928914730280e+01,1.154268877609694079e-02
4.073198274162707833e+01,-7.405312478389355135e+01,-3.767493477527282808e-01,-1.526061287231900998e+01,1.298411036896085768e+01,2.681063469065857185e-02
4.073184077310440898e+01,-7.405296969219611469e+01,2.430830516764380889e+00,-1.488782761672180399e+01,1.319087831597681948e+01,-5.174597912905282149e-02
4.073173354706469951e+01,-7.405281896039829803e+01,4.639408478446563344e-01,-1.371326481851564338e+01,1.458059271708718896e+01,-7.365637521987976333e-02
4.073162290430401100e+01,-7.405262659923619140e+01,-3.942150723949157110e-01,-1.277289907402724545e+01,1.531520969930757126e+01,2.810716190674775877e-02
4.073150197535957062e+01,-7.405244923951966030e+01,2.648171426458498789e+00,-1.196508220270378509e+01,1.601734125367097050e+01,9.844699918792979357e-03
4.073138902952396023e+01,-7.405225608348237643e+01,5.535731269953630268e-02,-1.064314182676120168e+01,1.701465032616186335e+01,-2.735757380597732269e-02
4.073129103230740355e+01,-7.405204387610501726e+01,8.148225927507032340e-01,-9.049250541238178513e+00,1.792922804467119846e+01,-8.074027804175447354e-02
4.073122463165000084e+01,-7.405182583177820277e+01,3.131282458995797047e+00,-7.429203890639007213e+00,1.852211933286866241e+01,1.568918077405872732e-02
4.073116418354634050e+01,-7.405160475287384259e+01,5.746153956852558808e-01,-5.812435751698569852e+00,1.909405532762985658e+01,5.694443238436851934e-02
4.073111988319082144e+01,-7.405139023491396699e+01,-4.765589688655502698e-01,-4.136181233662174606e+00,1.947103347909599691e+01,-1.132202463533554977e-02
4.073109013038003212e+01,-7.405113734580579887e+01,2.334766872948972338e+00,-3.967976828876424999e+00,1.956352153170299601e+01,3.417517386093545106e-02
4.073105579319415881e+01,-7.405092914717742758e+01,4.041528378775836039e-01,-1.814731787566117527e+00,1.988815120941020353e+01,2.647922726449624883e-02
4.073103868757760182e+01,-7.405069631359243942e+01,7.409904134855442859e-01,7.076007271093648354e-01,2.000254083121295068e+01,-7.046076196386610868e-02
4.073106210045607156e+01,-7.405043983853441603e+01,5.950143422900595613e-01,3.022562664678219990e-01,1.993277758071701200e+01,-8.839170373421334492e-02
4.073105206143802803e+01,-7.405021041383641034e+01,5.380591715646976941e-02,-7.559850864704638074e-01,2.000041877015839020e+01,-6.007748771884328237e-02
4.073104884303150897e+01,-7.404997527638322197e+01,-3.079073390319964521e+00,-1.789916708748600316e+00,1.993595868939535620e+01,6.375530556474345856e-02
4.073103398944566322e+01,-7.404973587271213376e+01,9.230227810182715098e-01,-1.908591944735760437e+00,1.984589465645920114e+01,3.368565540906687250e-02
4.073101377433191317e+01,-7.404949374716885302e+01,2.301695889818838658e+00,-1.850088757701549014e+00,1.988402895688786387e+01,5.121751574973527898e-02
4.073098907010198388e+01,-7.404926669392079930e+01,3.742261273037935876e+00,-1.886589663976391495e+00,2.003049353784021136e+01,-1.460422669269387241e-02
4.073097922982993424e+01,-7.404902911578946600e+01,-8.794796138642285710e-01,-1.888573951447111599e+00,2.000765578317745508e+01,1.430960977097874010e-02
4.073097255828547958e+01,-7.404881437972184699e+01,6.049007146858629280e-01,-1.786543855439931994e+00,1.994727246479905602e+01,-5.132724520276815000e-02
4.073094874050334369e+01,-7.404856512850314232e+01,5.775597027256711841e-02,-1.874753065809708019e+00,1.983187162064399089e+01,4.812515596754993186e-02
4.073092779355853565e+01,-7.404831214695305164e+01,-1.981714070510357084e+00,-2.046913634945759064e+00,1.981516705519732113e+01,-3.711519890731977255e-03
4.073092652282743842e+01,-7.404807476991361170e+01,-9.545115536714640081e-01,-2.435019501669112074e+00,1.984546585785998118e+01,-8.592997699053223082e-03
4.073088619828821777e+01,-7.404786222398873008e+01,-1.958529772469767005e-01,-2.437904683993352695e+00,1.987418898117800481e+01,1.190937930078843875e-02
4.073086656451856413e+01,-7.404761596071918461e+01,-3.478168190220083944e-01,-2.551277824024265506e+00,1.973267502656651473e+01,4.563449738989425186e-02
4.073084324408004164e+01,-7.404737112619405082e+01,-7.204756904537408246e-01,-2.564444373758389517e+00,1.982581364071599239e+01,-3.087952489298161594e-03
4.073081950647251404e+01,-7.404714690398441235e+01,-6.043110814243020101e-01,-2.494921116377121884e+00,1.982648036871262676e+01,2.071025397032284776e-02
4.073079523829465387e+01,-7.404691082503400423e+01,3.631183002778308189e-01,-2.578621606121966003e+00,1.986174213326819071e+01,2.167593585693582472e-02
4.073078193710178141e+01,-7.404667634889132444e+01,-1.566289188626122986e+00,-2.627100250762984146e+00,1.983762234259692647e+01,-4.746913144862500641e-03
4.073075717121430728e+01,-7.404643230939373666e+01,2.236723920958560985e+00,-2.527055183268344773e+00,1.982861019444046136e+01,-3.353242820137854879e-02
4.073072651805067323e+01,-7.404621779483260013e+01,-4.585823197090737935e+00,-2.545885957283666734e+00,1.980964240598370196e+01,1.291218699821707755e-02
4.073070044971217385e+01,-7.404597139955771468e+01,-2.400892702340750695e+00,-2.579967567703754128e+00,1.980175387895855366e+01,2.872027836094574044e-02
4.073067182109177509e+01,-7.404572431036784508e+01,2.455180700588775189e-01,-2.556227459628744647e+00,1.988711866263483685e+01,1.785404189178332532e-02
4.073064841660457347e+01,-7.404549303208072786e+01,7.457072150510458686e-01,-2.922911305532954529e+00,1.979122692172687081e+01,6.227244019998229470e-03
4.073063028257769247e+01,-7.404528631076675538e+01,-5.438442874624377366e-01,-3.151074215675344181e+00,1.975991483675796445e+01,2.907740682136336283e-02
4.073059316852596368e+01,-7.404504071622871209e+01,-1.636394739551811472e+00,-3.560010731649909665e+00,1.970505604529786936e+01,-9.140105366164266720e-02
4.073056943012799280e+01,-7.404482945076276224e+01,2.031817130003030769e+00,-3.745104145663217032e+00,1.954759276152593017e+01,9.178450186834932398e-03
4.073051642110670656e+01,-7.404457292435195370e+01,1.428110649211791205e+00,-3.143057364188445391e+00,1.980444956190624595e+01,2.208243754793931188e-02
4.073052394424205147e+01,-7.404436491967702239e+01,-5.976903345178271598e-01,-2.751289715818899140e+00,1.978078369029647376e+01,5.626992446318497543e-02
4.073051539249971142e+01,-7.404412445996489112e+01,-5.365123388904908808e-01,-2.450503630152005563e+00,1.985235897841246810e+01,2.752036749453050726e-02
4.073045991005135136e+01,-7.404387646630131314e+01,1.447236903559201981e-01,-2.329208804925444021e+00,1.988613011290477672e+01,2.347012471940083944e-02
4.073044449966882752e+01,-7.404365059305547447e+01,-1.323597897290487602e+00,-2.251064723189443395e+00,1.985801186125087270e+01,9.920694527549146768e-02
4.073041667410914357e+01,-7.404339486951907645e+01,8.090505450856718683e-01,-2.189696605033958576e+00,1.990839444405820302e+01,4.794909303411227369e-02
4.073039465912579971e+01,-7.404316069527732225e+01,1.905154839768581077e-01,-2.166284175694786818e+00,1.992078901042361494e+01,6.448856560432882079e-02
4.073037309748866619e+01,-7.404294154958560625e+01,-1.740963178609211681e+00,-2.117303706708256961e+00,1.985303957810003794e+01,1.127484617862932817e-02
4.073036543770570717e+01,-7.404268706743938822e+01,1.683572277051037513e+00,-2.184060108269302081e+00,1.983622181058449740e+01,-7.334428191997217905e-02
4.073035729297327379e+01,-7.404245260761790348e+01,6.519193441314988791e-01,-2.148525560244698873e+00,1.980181379901575056e+01,-6.594403979901458657e-02
4.073033321252376027e+01,-7.404220802987092043e+01,-1.940038014955216106e+00,-2.319324791708535560e+00,1.979307049138595431e+01,1.301079022230098615e-02
4.073029714247636690e+01,-7.404197150136754146e+01,-1.626947530065799175e+00,-2.471604758083000064e+00,1.983115915380770389e+01,1.906817760473092371e-02
4.073027517987826229e+01,-7.404175347605800539e+01,5.737385984504204117e-01,-2.675306684399696877e+00,1.986765481956573964e+01,9.336376711301190567e-02
4.073023406452112738e+01,-7.404151596161482018e+01,-1.480473001768730645e+00,-2.735584357909739861e+00,1.982315316625996360e+01,1.041345943607556099e-02
4.073022168886986094e+01,-7.404129131410309128e+01,3.356676326629336238e+00,-2.808541324525544614e+00,1.982308490982978100e+01,-5.556044365697082599e-02
4.073020533776308838e+01,-7.404104912876911726e+01,8.136170757794388697e-01,-2.717060498369324950e+00,1.978641839534951785e+01,-8.291017230601317040e-03
4.073019332944618753e+01,-7.404080430400651380e+01,-7.308028401496724502e-02,-2.812692558886067395e+00,1.988009823877293414e+01,9.015446722249560382e-03
4.073015181021340680e+01,-7.404059403680933826e+01,3.391934160349450722e-01,-2.693759771579700146e+00,1.976397128799214187e+01,1.528277005445711568e-03
4.073013437922524105e+01,-7.404034868858715868e+01,-2.374460330337767378e+00,-2.744309532424620723e+00,1.974900610155386715e+01,3.133372194759012630e-02
4.073010973706747961e+01,-7.404012611679698352e+01,1.888499825920667785e+00,-2.763947885067999710e+00,1.983331815886873173e+01,-1.248165745094322737e-01
4.073006682525090127e+01,-7.403987849386376752e+01,-3.745129377576108531e+00,-2.882916911576378638e+00,1.985279393307112272e+01,6.365980612156906145e-03
4.073006582710655010e+01,-7.403964152918013042e+01,1.973998727179621993e+00,-2.779864179260620016e+00,1.995250543500342388e+01,-1.480616520310408524e-02
4.073001936671067824e+01,-7.403938628619364692e+01,4.066029350043893764e-01,-2.432596709314685857e+00,1.983461017553010919e+01,8.070674516377215890e-02
4.073000753368602034e+01,-7.403918761501672918e+01,-9.711384317931107679e-01,-2.122237772625040098e+00,1.982725477114475865e+01,-4.457714659725833112e-02
4.072999512929035859e+01,-7.403895106968943196e+01,-1.308288730744951556e+00,-1.963848713928153966e+00,1.992319268218613715e+01,-5.000230376933645360e-02
4.072998002164982267e+01,-7.403870145099277522e+01,-1.110436508433658487e+00,-2.213084375150468741e+00,1.994022930416969785e+01,-1.958011755097181436e-02
4.072994369959753413e+01,-7.403846732135147590e+01,3.797714184251979042e-01,-2.773754040398013654e+00,1.973199814194330770e+01,2.771102195274826110e-02
4.072992860473937782e+01,-7.403823076680443194e+01,-2.127528804005067720e-01,-3.091167691538303508e+00,1.970500502384983932e+01,-9.291802029011533848e-02
4.072991109209407057e+01,-7.403802038466682234e+01,1.124386833144812720e-01,-2.620226246347495458e+00,1.980013858408138105e+01,-5.256461260109177025e-02
4.072988245046261113e+01,-7.403776785241474556e+01,-1.985036431506421950e+00,-1.622518470582106520e+00,2.001388117390234811e+01,7.093958685407606574e-03
4.072986938828798031e+01,-7.403750090090044012e+01,-2.026497668789568607e+00,-1.424922871811107550e+00,1.997414749420165947e+01,5.781857858123852500e-02
4.072986692927695884e+01,-7.403730615058375975e+01,-9.401741951151703081e-01,-1.975987455104903256e+00,1.981614337834066930e+01,1.929404884959486782e-02
4.072982653458397806e+01,-7.403705208458265474e+01,-7.418376211617268290e-02,-2.324679803894082131e+00,1.992550062875142913e+01,-1.249625780798413327e-01
4.072982453363523092e+01,-7.403682473236371209e+01,-2.630217478166609446e+00,-2.451902109413334863e+00,1.982880922654664246e+01,-7.032841050837053409e-02
4.072980316129685008e+01,-7.403660498740107698e+01,1.465417058867410027e+00,-2.609416885712994016e+00,1.995152687230127242e+01,1.037879849730669185e-01
4.072976400817736931e+01,-7.403635561861769077e+01,7.096771046047886111e-01,-3.278044828572231673e+00,1.966258455433762364e+01,-5.999778541259877078e-03
4.072972838701930698e+01,-7.403611840865617921e+01,8.153459908096435393e-01,-4.357689804194757599e+00,1.949442123187261444e+01,-2.827570559739222070e-02
4.072968198115283656e+01,-7.403589539381104601e+01,-1.029397070418312854e+00,-4.994238613504162316e+00,1.935151746893989966e+01,9.493897727020000898e-03
4.072966082934559040e+01,-7.403565835988159449e+01,-6.389419959000033344e-01,-5.357467516982402422e+00,1.934788644146184566e+01,-3.306250727223202651e-02
4.072959467536325207e+01,-7.403541946839916932e+01,-9.669743157922214977e-03,-5.551783803455922595e+00,1.932120013237698330e+01,1.452591012968783984e-02
4.072953912036199142e+01,-7.403519982748923667e+01,-3.460575238771839701e-01,-5.655064517303808103e+00,1.909582885826440801e+01,-1.178646559956886553e-01
4.072949912940480743e+01,-7.403498096262930517e+01,6.964979432833446893e-01,-5.776120764088253701e+00,1.921084188995034481e+01,-2.526456481893987749e-02
4.072944300429062991e+01,-7.403476683092945621e+01,-2.847128091887676682e+00,-5.703738666568363591e+00,1.916725517502883847e+01,4.596564868029071049e-02
4.072938453652964341e+01,-7.403452647640438045e+01,8.103248800838268595e-01,-5.762399245635605460e+00,1.911592351985612837e+01,8.785255200630204264e-02
4.072934114579089737e+01,-7.403429718764392931e+01,2.693904540699528782e-01,-5.884707008539948880e+00,1.918686217635537972e+01,1.617438357370718297e-02
4.072929206825195081e+01,-7.403407072150262991e+01,-2.583735030165817959e-01,-5.790944605695037772e+00,1.915201250748940254e+01,-3.984892196198544512e-02
4.072923877381690971e+01,-7.403383657021497299e+01,2.885774861148845627e+00,-5.899056735703106291e+00,1.905388205812201008e+01,-8.307931181184849412e-02
4.072918746064171103e+01,-7.403362294345951966e+01,-1.716470929024138892e+00,-5.763388243438582137e+00,1.909688951260620016e+01,-6.149822539954234030e-02
4.072913535002977881e+01,-7.403338250831330924e+01,1.054852421691191644e+00,-5.883109128609734562e+00,1.913138250356904635e+01,1.728621781959379256e-03
4.072906409705039721e+01,-7.403316987977946440e+01,-7.523889008217817809e-01,-5.838741502301285635e+00,1.912061751112375418e+01,5.285094143994278904e-02
4.072902691219602644e+01,-7.403291985650162133e+01,-4.097591932504781598e-01,-5.735818965522018864e+00,1.918133034877390486e+01,1.220980390612123184e-02
4.072896387520527384e+01,-7.403271316598623741e+01,8.561687127109085527e-01,-5.776678328426887887e+00,1.915051015561211400e+01,8.765108000315867398e-02
4.072891042785315818e+01,-7.403248661587113588e+01,2.446467479984899829e-01,-5.781993268550954745e+00,1.910058092670903918e+01,-9.411572730249555263e-02
4.072887643010125203e+01,-7.403225158928377425e+01,8.789866981047442795e-01,-5.828341907350178097e+00,1.903130716657533483e+01,-5.528156553487763303e-02
4.072883017185227317e+01,-7.403204264875998319e+01,3.258655492178471391e+00,-5.850321586306907129e+00,1.905911832148205676e+01,-2.405823074668573917e-03
4.072875581534370326e+01,-7.403180019439216153e+01,-1.332723637412414897e-01,-5.776938841856747331e+00,1.905709900617121022e+01,-1.094178071758567135e-02
4.072869242920438637e+01,-7.403155061642522128e+01,5.774192805083796509e-01,-5.837489957654836914e+00,1.912829282403269104e+01,8.117759076140340646e-02
4.072867000711363517e+01,-7.403134402214566023e+01,-4.143997742359363246e-01,-5.469650850897449068e+00,1.915435567818716223e+01,2.312621885209042646e-02
4.072860245594751660e+01,-7.403113870993973933e+01,-2.376653440951268792e-01,-3.901597256183798823e+00,1.948657541023505502e+01,-4.734920261849256962e-02
4.072858087283190542e+01,-7.403091320477265924e+01,-2.802949673214765625e+00,-3.090424443507199470e+00,1.973731792761401138e+01,1.101213520269622298e-01
4.072855218713721825e+01,-7.403066724461967851e+01,-6.782317588807176834e-02,-2.488223591451919958e+00,1.984246075931752173e+01,3.417648119792609379e-02
4.072854777366208623e+01,-7.403040384272433982e+01,-4.900291332612102813e-01,-2.294924132844985198e+00,1.991885277334773363e+01,-5.923266559776440426e-02
4.072848859084754025e+01,-7.403019783876291626e+01,4.203626067513946962e-01,-2.185225716723750544e+00,1.994643345066436524e+01,-8.568467614726636705e-02
4.072849617657553267e+01,-7.402995873905955193e+01,-3.142779476426358798e+00,-2.253110363616895206e+00,1.981009549203932352e+01,-6.052627861488713013e-02
4.072847502037147649e+01,-7.402970660259826730e+01,1.258880475350548256e+00,-2.290561723153497820e+00,1.994641367839108526e+01,-8.400281070895411831e-03
4.072846636955615907e+01,-7.402949071490300526e+01,1.024918455198036371e+00,-2.226366057228798212e+00,1.991207724817936509e+01,-1.375465857782307878e-02
4.072843646272853846e+01,-7.402925985592607105e+01,6.590881982934704286e-01,-2.276260877807542382e+00,1.980714454699567639e+01,-1.761149032158842651e-02
4.072841252827755198e+01,-7.402900954157897218e+01,-5.823916141117652101e-01,-2.312604399009122513e+00,1.980864427180006615e+01,3.667960286838031075e-02
4.072841359712928266e+01,-7.402875578083184394e+01,1.536267547602774508e+00,-2.217053092322418095e+00,1.988718802269019292e+01,5.910911874714050440e-02
4.072835777468332452e+01,-7.402853527766775699e+01,1.455944100237068550e+00,-2.294905705922233086e+00,1.986513663467673751e+01,4.990975692387355361e-02
4.072834512247546002e+01,-7.402829840247008519e+01,-2.561399445968501887e+00,-2.247098033732571221e+00,1.978223335010873996e+01,-5.363958906446422703e-02
4.072832422509474526e+01,-7.402806672583920999e+01,-1.331680304409369464e+00,-2.262407282436029732e+00,1.983756053956921050e+01,-7.084990008832608988e-02
4.072831931048700937e+01,-7.402782622244234290e+01,-7.394958269299545250e-02,-2.244573906080828962e+00,1.988662811771829908e+01,5.797554029177140467e-02
4.072828628223241054e+01,-7.402758994420041461e+01,-2.911888763547187398e-01,-2.272221544706055862e+00,1.977579057027663723e+01,7.696072575816004235e-03
4.072827140207718344e+01,-7.402736459865597851e+01,1.410664766819995641e+00,-2.246738390376052941e+00,1.997821891390921323e+01,-1.361848836914248718e-02
4.072824600554096719e+01,-7.402713962465692532e+01,-1.054480175905747469e-01,-2.240953867879651451e+00,1.983322461141604975e+01,7.898618605300611328e-02
4.072823071281930396e+01,-7.402687935115885409e+01,1.034999192754698649e+00,-2.417777344906773429e+00,1.982144457505519952e+01,-4.082597617877628537e-02
4.072821081724019621e+01,-7.402664722520195539e+01,-2.235204929697802267e+00,-3.136738211129310727e+00,1.974280414483899548e+01,-4.962552520267985226e-03
4.072817667984105583e+01,-7.402642140305752605e+01,1.213975539995638675e+00,-3.628915823663399820e+00,1.969649846632137269e+01,-6.556627697118382753e-03
4.072814112974623413e+01,-7.402617905256038000e+01,-6.159202106657705178e-01,-3.819733598909115457e+00,1.965708288438985818e+01,-1.306447550524838554e-02
4.072810430495805889e+01,-7.402595156879742433e+01,-1.731819816168630899e+00,-3.967612684706268045e+00,1.955573378651364536e+01,-1.796487104896372575e-02
4.072807048204771263e+01,-7.402572051443195278e+01,-1.058863712774342325e+00,-4.026497259316661470e+00,1.960239953503714716e+01,6.988694145358616272e-02
4.072803333294837103e+01,-7.402549024460984128e+01,1.933846645078944437e+00,-4.180107085974158032e+00,1.957699465233032043e+01,4.215335360471848813e-02
4.072799284429233069e+01,-7.402524885744141159e+01,-1.869295582079286255e+00,-4.268348576429364272e+00,1.953922061353635442e+01,-3.229360212817308090e-02
4.072795515704492431e+01,-7.402501955815715462e+01,2.203489660938053429e+00,-4.079588421192995362e+00,1.956930186960446250e+01,-5.326525718089387788e-03
4.072790813136657562e+01,-7.402479107494272625e+01,-1.165405739002016494e+00,-4.220797913584037886e+00,1.964734284059576552e+01,-1.313302505074394159e-02
4.072787877166890524e+01,-7.402457315152695116e+01,4.935400636345954051e-01,-4.079482938479451981e+00,1.960695995242105738e+01,-6.975965041690593456e-04
4.072785847576648166e+01,-7.402432088979094260e+01,-2.606597543326424571e+00,-4.202297583728804575e+00,1.958135326847873259e+01,-6.254196581107837605e-02
4.072782192881982866e+01,-7.402412878390130402e+01,-4.786013897948651619e-01,-4.245860277333748378e+00,1.957512456679819124e+01,-7.957062538474067581e-02
4.072775719977822462e+01,-7.402385644220572658e+01,1.136676903526287807e+00,-4.119709600077394285e+00,1.959311515353806854e+01,-5.169707022474263891e-02
4.072771319270113111e+01,-7.402363528501398093e+01,4.470228187289136956e-01,-4.137279866426619712e+00,1.956959907565222423e+01,1.872611889441520502e-02
4.072771403047538286e+01,-7.402341994014022930e+01,-7.900182853556086959e-01,-4.215275363647985607e+00,1.944306021506974602e+01,-4.999715329459952654e-04
4.072765977723933872e+01,-7.402315624334650579e+01,-2.971877807098288193e-01,-4.245157345186100883e+00,1.948509860243751390e+01,-1.237011201507036764e-02
4.072762542464650437e+01,-7.402295945480510397e+01,1.225749896002932937e+00,-4.047818113328109035e+00,1.960991174277922866e+01,2.640603589364726774e-03
4.072758443884000457e+01,-7.402271987833604783e+01,-1.882638047424552097e+00,-4.225816476249055320e+00,1.965217988169460384e+01,7.117343873561093881e-02
4.072754683393796427e+01,-7.402249703075757736e+01,-1.866241258711451634e+00,-4.168914644008858694e+00,1.954291365247790324e+01,-4.390303561875484595e-02
4.072751743596061402e+01,-7.402224631309871938e+01,1.090192028189124640e+00,-4.146357764253921552e+00,1.957575038500205977e+01,5.290581262004147300e-02
4.072747808506120748e+01,-7.402204434819056189e+01,1.177841259174424865e-01,-4.195347683709385045e+00,1.962210636835323285e+01,5.353402437506570716e-02
4.072743663240073175e+01,-7.402180213524994201e+01,-6.522656665007879884e-01,-4.187096232652151251e+00,1.963221224670736120e+01,-7.205675286800056721e-04
4.072739086601101377e+01,-7.402158447479997960e+01,1.391043136144459513e+00,-4.098983081155461505e+00,1.962190182210566292e+01,-6.339426837728703856e-02
4.072735780147796447e+01,-7.402133737536065894e+01,7.442575370757383846e-01,-4.128261063527517649e+00,1.955659429851264264e+01,-5.946622038697313428e-02
4.072732369433943944e+01,-7.402108628358348597e+01,-4.143457374186641506e-01,-4.163824979663968584e+00,1.948711974441793515e+01,-2.237236132201151848e-02
4.072729053868675209e+01,-7.402085152785819844e+01,-1.037840783371228870e+00,-4.188554199661223443e+00,1.947930569111164090e+01,2.589485538004612786e-02
4.072725302172000283e+01,-7.402064400562892388e+01,1.121939959020458399e+00,-4.126270275143498978e+00,1.956205247875746878e+01,3.448453521625718249e-02
4.072719447480248789e+01,-7.402041009955902950e+01,-8.758738901631728524e-01,-4.017450328790557634e+00,1.950433055489840939e+01,1.809689853116763780e-02
4.072717581889976657e+01,-7.402017182865776590e+01,-7.236131565122098930e-02,-4.107904656105152874e+00,1.964956901147289159e+01,7.380542276131104446e-03
4.072714056607180311e+01,-7.401992172670308889e+01,-1.482309937146554679e+00,-4.303480006955806125e+00,1.947745323928799621e+01,-2.915721873015180918e-02
4.072710003167104986e+01,-7.401969540965859551e+01,-1.648440058579218048e+00,-4.139022856550290008e+00,1.955184701598130559e+01,5.611804086466098268e-02
4.072705168555200572e+01,-7.401946135992561437e+01,-3.007053367993661741e+00,-4.200280451289790662e+00,1.961508708788395339e+01,-9.688097365866928448e-03
4.072702715867858814e+01,-7.401922637120745208e+01,3.668690751666465188e-01,-4.094329948085370319e+00,1.960298209288014704e+01,8.911013606609591298e-02
4.072699325341694987e+01,-7.401901083638553303e+01,4.228463047976705469e-01,-4.081909022983316149e+00,1.944324011659736584e+01,-8.565212029795137016e-02
4.072695496011597527e+01,-7.401877169245955201e+01,1.175420621374739349e+00,-4.084898919317073052e+00,1.957486298377509115e+01,9.391305087656835748e-03
4.072692485808070728e+01,-7.401853705295916086e+01,-1.041529158013462020e+00,-4.185427574130548223e+00,1.959619139929646536e+01,2.656954401388187531e-02
4.072686344704926142e+01,-7.401831570367491508e+01,-1.504642847971204012e-01,-4.207982082312538452e+00,1.958457550625817589e+01,1.114643846694996915e-01
4.072684845452813107e+01,-7.401808641722146831e+01,4.150617918135533491e-01,-4.162857803037073978e+00,1.955837424804278513e+01,-7.895205101256956570e-02
4.072680105722666610e+01,-7.401785387656506998e+01,-1.576265532970419381e+00,-4.118158045427623648e+00,1.955967074430159158e+01,3.771687537095730347e-02
4.072676880238336139e+01,-7.401763829061891897e+01,2.689529125368808948e+00,-4.097148246151594897e+00,1.946456371585889045e+01,9.561677678033703165e-02
4.072671918774651090e+01,-7.401737980782932880e+01,-2.507205817930711511e+00,-4.171143651731431312e+00,1.954212155873231538e+01,-3.878136063995685917e-02
4.072667913704503206e+01,-7.401716573584214132e+01,-8.386017412941106919e-01,-4.179953086909987015e+00,1.959031070176110845e+01,3.076798088255399896e-02
4.072664136452206662e+01,-7.401691447583340278e+01,-8.259479093432477992e-01,-4.223586768803954783e+00,1.957830946272275696e+01,1.047290863593226991e-02
4.072662316224102597e+01,-7.401672027184237379e+01,-8.931748032246459301e-01,-4.125792900612261782e+00,1.953045529243028255e+01,1.598242322214010400e-03
4.072657067478881032e+01,-7.401645743083614093e+01,-3.660788139717975564e+00,-4.213119226683852858e+00,1.942885698635877745e+01,1.837895182476091682e-02
4.072652889973364410e+01,-7.401623636770600001e+01,-2.326519408119283039e+00,-4.132743754136602554e+00,1.951950518846156868e+01,5.065701541106639241e-03
4.072650732606554413e+01,-7.401599519607233901e+01,3.012389367312799937e+00,-4.192233868026106869e+00,1.959800789203108806e+01,-5.369606206061552922e-02
4.072645060838431164e+01,-7.401575692953535679e+01,6.991920356281327020e-01,-4.032110600438615577e+00,1.964246376995928500e+01,-3.652310201316334021e-02
4.072642821031364946e+01,-7.401554046705456358e+01,-1.233613048106928511e+00,-3.454473453362523649e+00,1.969116520060123676e+01,-2.688245065930116098e-02
4.072639610968111867e+01,-7.401532495610500462e+01,-8.774459466428579102e-01,-3.069953415221704063e+00,1.975394273365145636e+01,9.993808782771503724e-03
4.072637339002085355e+01,-7.401506471624509231e+01,-5.176212131116224580e-01,-2.902438800700152477e+00,1.982115281718305511e+01,3.237450873565989734e-02
4.072633578173323343e+01,-7.401484024593158040e+01,1.793027805677621656e+00,-2.756803232564378536e+00,1.972686114405582813e+01,-5.000584277481334022e-02
4.072632057972982267e+01,-7.401459044241023832e+01,-6.905499059311085430e-01,-2.788445211701878979e+00,1.981019259876021721e+01,-1.809397183314254490e-02
4.072630023163764434e+01,-7.401440290170441472e+01,-3.871778071757630002e-01,-2.718139824518537306e+00,1.985423375219115982e+01,-4.890833559134648983e-02
4.072628106614271104e+01,-7.401413980913007151e+01,5.899893088623526793e-01,-2.658430913613895719e+00,1.985312062736308292e+01,5.641499196103363922e-03
4.072623446358134913e+01,-7.401388161420094036e+01,-4.535417162637661037e-01,-2.589400118969640729e+00,1.984756500724446582e+01,7.016074908204130572e-03
4.072622455013220133e+01,-7.401365785092632166e+01,-5.225379283920613682e-01,-2.612017086420004741e+00,1.978205441258807085e+01,-3.710323564766999926e-02
4.072620186652217456e+01,-7.401342716769553931e+01,-1.495125810689243551e+00,-2.655237191645235306e+00,1.987445408698789961e+01,-7.307801586449810816e-02
4.072617344122275540e+01,-7.401319706789580266e+01,5.812535569467334184e-01,-2.627348114422638048e+00,1.991622002729328500e+01,-2.103295763605697588e-03
4.072616863569091805e+01,-7.401296158710913176e+01,9.998896310625606798e-01,-2.524904656460598584e+00,1.984342795297164486e+01,-3.015830489460195885e-02
4.072613794943596588e+01,-7.401271902652794665e+01,2.123807238676183595e-01,-2.542394793858351765e+00,1.983149091742763304e+01,6.563404754479066142e-03
4.072610760856050405e+01,-7.401248727729729637e+01,-1.672313736306787035e+00,-2.548752504221779791e+00,1.985182973906130499e+01,-1.386792182648615172e-03
4.072608660923833668e+01,-7.401225184396166412e+01,-4.122936813037597625e-01,-4.517464786973687474e+00,1.943713856191019929e+01,-4.442446115828520281e-02
4.072601416503461280e+01,-7.401202133927013449e+01,-4.567683756078408930e-01,-6.134540740249498469e+00,1.896796379987051395e+01,-3.763609790925154241e-02
4.072597963684184208e+01,-7.401179970216995230e+01,5.602592504295341724e-01,-7.120092522856222850e+00,1.875041890579101533e+01,5.344264197084322432e-03
4.072589209646006481e+01,-7.401158896441970114e+01,-3.557405048330888886e-01,-7.714766881130908693e+00,1.851280610485026301e+01,-6.693135781802788536e-03
4.072582206460648990e+01,-7.401135321169833503e+01,-9.596464384371332645e-01,-7.984240436485789516e+00,1.829922915257688487e+01,-7.034715580758241216e-02
4.072576382695518049e+01,-7.401115812357781465e+01,3.063797964895066950e-01,-8.123197840251728863e+00,1.825747844141483611e+01,-7.661161190949740407e-02
4.072568513314676153e+01,-7.401093001520052894e+01,1.013261691564045081e-01,-1.014190157687738925e+01,1.715257320675195274e+01,-6.410683579121588538e-02
4.072557893753202052e+01,-7.401075487841944778e+01,-4.449383753213761450e-01,-1.188564098623412590e+01,1.608758932870656366e+01,1.556178995407797062e-03
4.072548088642015784e+01,-7.401057188835206091e+01,-2.014115386946217612e+00,-1.278326695845802874e+01,1.530675764087122914e+01,8.133005537842531371e-03
4.072534262480254341e+01,-7.401037811024825430e+01,-2.901951629638944707e-01,-1.341087771564889408e+01,1.490895831368786517e+01,9.290084383723553468e-03
4.072522898758691667e+01,-7.401019668840764609e+01,-2.583025169857768866e+00,-1.372002700469933956e+01,1.460310526367827855e+01,2.418517526287895791e-02
4.072509226572005758e+01,-7.401001244224613629e+01,1.021560545263046738e+00,-1.387261693840787302e+01,1.440597319497723028e+01,7.386146011364408404e-02
4.072498958896946419e+01,-7.400986601735230863e+01,-1.745012548386379869e+00,-1.399568082094249988e+01,1.429605955061130373e+01,1.490386907924992968e-02
4.072484087501548800e+01,-7.400969382621482850e+01,1.114955192983057897e+00,-1.402983661078049948e+01,1.421880775757587756e+01,1.872275928414609408e-02
4.072471679077293061e+01,-7.400953362845410766e+01,-1.540255080017050471e+00,-1.409642797849114260e+01,1.415736531265880238e+01,3.987749337632510993e-03
4.072458403214718459e+01,-7.400935859456274102e+01,2.909883640645613001e-01,-1.404183094767301654e+01,1.414679500750694530e+01,3.010059225094147140e-02
4.072446967659880102e+01,-7.400918772895687425e+01,1.478335086657642128e+00,-1.420002304872870269e+01,1.416131693673398395e+01,-1.136804997272482590e-02
4.072433552830300840e+01,-7.400902814944491581e+01,2.005737444871373398e+00,-1.409972888907567246e+01,1.412697302462098925e+01,-4.226202766792724885e-02
4.072421430828026701e+01,-7.400885500078067025e+01,-2.209151236890119385e+00,-1.416912398152705599e+01,1.410328869594450119e+01,1.684382963019157020e-02
4.072408980160157910e+01,-7.400869031793538966e+01,1.496204298240204178e+00,-1.409583194419738916e+01,1.430287143493106328e+01,6.079423227287585052e-02
4.072395613695756822e+01,-7.400851465260868167e+01,3.937145756446890910e-01,-1.403644441840340384e+01,1.404959765949454109e+01,-3.446123556139135680e-02
4.072382243797937917e+01,-7.400835459339603517e+01,7.685125562359893525e-01,-1.424861762303921076e+01,1.424402395365637908e+01,2.407482723169735925e-02
4.072369853635044734e+01,-7.400821327681909167e+01,2.730090505165688186e-01,-1.418062208959168125e+01,1.412520430045282183e+01,2.727889903650077691e-02
4.072357980474500749e+01,-7.400803638624861946e+01,-9.063564235271979186e-01,-1.416323357411319073e+01,1.418755453175640824e+01,3.500725726483996936e-02
4.072346485324258936e+01,-7.400784514178322127e+01,-2.691072425032032367e+00,-1.414721621814283914e+01,1.422244546102833240e+01,2.700795342138850863e-02
4.072331491607081944e+01,-7.400767812994867256e+01,-2.194554685419127349e+00,-1.415209817713160945e+01,1.417437887803508723e+01,9.804356522505313504e-03
4.072320863212378583e+01,-7.400751783109441817e+01,-1.869863034050902040e-01,-1.376126949405889377e+01,1.371675194794957697e+01,1.446017855213293547e-02
4.072308217270582986e+01,-7.400735271120095149e+01,-1.484608439422745452e+00,-1.297419642778551818e+01,1.310799678313122207e+01,7.964057638130490890e-02
4.072296402048444719e+01,-7.400721686122554388e+01,-8.768941776186066628e-01,-1.223885952116665443e+01,1.227885657007792020e+01,-1.076741914334808786e-01
4.072285453702355085e+01,-7.400708273992580644e+01,1.233121440707833694e+00,-1.145859252225052138e+01,1.162889548303122211e+01,-2.714246903788053097e-02
4.072274601329182531e+01,-7.400692007702465958e+01,-1.543837905940900201e+00,-1.084407081441583820e+01,1.089479429157952772e+01,-1.881266093980202975e-02
4.072266354145435230e+01,-7.400682095555623619e+01,-6.843860611002675065e-02,-1.018547393403492407e+01,1.023885761041247378e+01,4.751136849063537781e-02
4.072256136165061235e+01,-7.400669567104429802e+01,3.684809164360698941e-01,-1.092292219838347478e+01,8.839632226405239379e+00,-2.517823913715169434e-02
4.072245154175416104e+01,-7.400659305264372279e+01,-3.064913426058421542e-01,-1.231276265312665252e+01,6.749127519750662607e+00,-6.126306601581330002e-02
4.072235008129260336e+01,-7.400652370170676875e+01,-3.383822305047227363e+00,-1.364925755479428737e+01,3.196237889458420689e+00,3.984106510887987923e-02
4.072221636272976042e+01,-7.400654296944360055e+01,-1.782458562227537513e+00,-1.388003500263651624e+01,-1.615612756662572203e+00,3.527931374167158490e-02
4.072209672099993583e+01,-7.400657480143883049e+01,1.429453276413974461e-01,-1.352901163049921784e+01,-3.589841311859084172e+00,5.387228928124618982e-02
4.072198730827783208e+01,-7.400662580522228495e+01,-9.462008717955989745e-01,-1.265702012531789222e+01,-6.019772735401161867e+00,-2.434451399959186232e-02
4.072188007206248272e+01,-7.400673754556729023e+01,1.621915881555162420e+00,-1.037021573208522796e+01,-9.417478612096292778e+00,2.670208842060840110e-02
4.072179369223196943e+01,-7.400683147997796141e+01,-7.752443993581861204e-01,-8.334437550236478032e+00,-1.124140931192120973e+01,3.627319869989670265e-02
4.072171514614131382e+01,-7.400696231554553606e+01,2.089737125587009248e-01,-6.212113788274885806e+00,-1.248094074041117274e+01,5.074822176793286621e-02
4.072169743766695404e+01,-7.400713295664134250e+01,-6.445128169707846633e-01,-3.074803718155310617e-01,-1.293874646743363321e+01,-6.645025470316365257e-02
4.072171040181954993e+01,-7.400726485277088784e+01,-7.859801371924117763e-01,6.363296969820405602e-01,-1.190908330769905632e+01,-7.722746649179862422e-02
4.072170587865013403e+01,-7.400741351784658661e+01,-4.736985020789465373e-01,7.146506833418793114e-01,-1.082541791494617556e+01,-1.746723282063865693e-02
4.072172091581808928e+01,-7.400752495969891243e+01,-7.557131478568567262e-01,2.040316203819693364e+00,-9.588462842126299179e+00,-4.930853402451662940e-03
4.072172064149075510e+01,-7.400764786777060067e+01,-1.155563942057739601e-01,2.904428757757670176e+00,-8.354224822254836980e+00,-8.568520345140190342e-02
4.072177098472403856e+01,-7.400774469313765280e+01,3.951794493060456492e-01,3.165161511508713499e+00,-7.236791519938228667e+00,-7.280401172064766835e-02
4.072179468236839739e+01,-7.400780148858569873e+01,-6.245772064816366986e-02,3.134319548490782648e+00,-6.285522164988712746e+00,-1.409407177270831195e-02
4.072183210357142258e+01,-7.400789660752920440e+01,6.344803792505307460e-02,2.744725964468339718e+00,-5.184090588284752776e+00,3.054993517635926081e-02
4.072183980874883247e+01,-7.400792978265852184e+01,2.060074820003108265e+00,2.429597441364491850e+00,-4.335772180701362721e+00,-2.893386628304434049e-02
4.072186488202176946e+01,-7.400796329897734438e+01,1.085893703445401481e+00,1.889903753975922029e+00,-3.436439114166597975e+00,1.362468367294089600e-01
4.072189297235728844e+01,-7.400801645682378194e+01,-3.929577011589531210e-01,1.359326219445750716e+00,-2.510992675413446396e+00,-1.940063864275564862e-02
4.072187453182174011e+01,-7.400805281294243798e+01,-2.659099515304227168e+00,8.706230441217385208e-01,-1.659341561003204069e+00,9.274031063529837929e-03
4.072190034019156002e+01,-7.400806928627672221e+01,9.502760269878337551e-01,4.444617123434267958e-01,-7.169728922853474407e-01,-1.931607626289408471e-03
4.072190522800678281e+01,-7.400805043951166340e+01,7.428562051935228006e-01,-2.911301866526504536e-02,-1.888931401073168370e-02,1.844999319780459002e-02
4.072190122438581739e+01,-7.400808441933354231e+01,1.223405901967697051e+00,-1.110807900768974871e-01,-1.068045061169797978e-02,-9.411214674130458091e-02
4.072190219372409103e+01,-7.400807289203785899e+01,2.480161866461835007e+00,5.655112843128620725e-02,-3.429812589980726217e-02,9.135616962760756410e-02
4.072189048505563136e+01,-7.400805569521524774e+01,-9.226865895762073055e-01,-6.360017196152645269e-03,1.925200562902636831e-02,2.659427478613980711e-02
4.072190359244277147e+01,-7.400804446880624710e+01,6.503943890232629643e-01,3.832694111567072626e-02,9.814633420085851212e-02,-3.972236496900125036e-02
4.072191030259558886e+01,-7.400805700045883384e+01,5.116497396876545922e-01,-7.098814142189754928e-02,-3.960612474693385454e-02,-1.183464810776539700e-02
4.072191536376399057e+01,-7.400806351166548325e+01,1.014014140379926737e-01,-1.071802952600963213e-02,-4.728804967254104930e-02,-3.471743829286065824e-03
4.072190567876121037e+01,-7.400805297501385382e+01,1.315575418636764526e+00,-1.231561519562876933e-01,8.624436405875521641e-03,-6.440120695914926252e-02
4.072188957288950206e+01,-7.400805011715564774e+01,8.287117399212035052e-01,-4.670900560635465881e-02,1.885330462691436892e-02,-1.255631053848008383e-01
4.072188843464058294e+01,-7.400806553236404284e+01,-8.934796741504374973e-01,-2.587520564722144145e-02,2.871426300886703240e-02,-6.508649029175714307e-02
4.072190130529281049e+01,-7.400807676203314145e+01,7.950245115119536354e-01,3.127915411258328643e-02,-7.839790180280506449e-02,1.777093433415464704e-02
4.072189394213332747e+01,-7.400806688140035305e+01,2.000469173891475272e+00,-8.122189271026486121e-03,-5.378987711246868697e-02,1.187766228460390532e-02
4.072190391741469995e+01,-7.400806602835345416e+01,2.878699822979577383e-01,8.190986528510851850e-02,7.323942145825690885e-03,-3.916307872103096804e-02
4.072189917266338455e+01,-7.400807982295974341e+01,1.085243376386190617e+00,6.163077334373329684e-04,1.386817133943075812e-02,-2.326011129683775228e-02
4.072189645921176293e+01,-7.400804103868364336e+01,-3.240340039766924640e-01,6.243650573812933868e-02,-6.616701058476981943e-03,1.919111519614006764e-02
4.072190461161244457e+01,-7.400806893366623740e+01,1.280731575596631755e+00,1.675343018694012975e-02,-6.117354237033758267e-03,-4.097129497066053644e-02
4.072189140609606994e+01,-7.400805558696967523e+01,-8.808313308068480563e-01,4.748198149745766429e-05,-4.581734415888504691e-02,-9.955292612887726988e-02
4.072189723683234064e+01,-7.400806809472054226e+01,2.271246973789926293e-01,-8.199518147197379370e-02,7.188468684490122163e-02,-1.134903171514711068e-02
4.072189033160089622e+01,-7.400806723154127553e+01,-8.199629767632699018e-01,-1.549522748309634379e-01,2.294192614928215398e-02,-2.835113808170847127e-02
4.072189897049131702e+01,-7.400804151345577964e+01,-5.407500106729599132e-01,-2.319599199792353461e-02,-1.623634598941108703e-02,-3.063402031594688810e-02
4.072190753975171162e+01,-7.400805329914099673e+01,1.379052862863196054e-02,-1.925736804595601717e-02,4.746143577258093993e-02,-4.954435141982542132e-03
4.072190644086227707e+01,-7.400805448365466077e+01,-1.857278939518784089e+00,2.142363055675670924e-02,-1.411482456358761732e-02,1.660457286355511153e-01
4.072187583372404873e+01,-7.400805530827437906e+01,-1.034401878390311058e+00,5.586672145210897986e-03,-1.485235300515503135e-02,-2.858426841107930202e-02
4.072190861192000000e+01,-7.400806653030178950e+01,3.490588668575974052e-01,-3.334452649813331865e-02,-3.277933714416381844e-02,-1.271881763201859472e-01
4.072192037753396932e+01,-7.400806284807329405e+01,4.093024583314225362e-01,-4.455575073778753059e-02,3.100070643987494490e-02,5.727647203133534592e-02
4.072190044756748506e+01,-7.400806324483696130e+01,-1.353196312440154037e+00,-2.933173139515717065e-02,-3.872615638914231329e-02,-6.068509312555264712e-02
4.072189523997125349e+01,-7.400806159000573814e+01,4.573953653402605402e-01,-2.168362687024343385e-02,7.754054097958396063e-02,-1.513019794727699097e-01
4.072190946956519042e+01,-7.400808606377374588e+01,-1.912345898997433791e+00,1.008007829933695448e-01,-5.463080673261111464e-02,3.388735935077018951e-02
4.072189625028373428e+01,-7.400804956056325068e+01,1.326172482984981027e+00,-4.261445388124022321e-02,2.573957243036155765e-02,1.589965460086976284e-02
4.072189993885541526e+01,-7.400805289919398433e+01,-6.506995641580092249e-01,-3.045899570471177764e-02,6.858425566437873627e-03,1.062966527647818266e-01
4.072187698427146785e+01,-7.400807460507110136e+01,-3.161461474999996302e+00,1.203178650499453842e-02,-6.075565144860897368e-03,-2.997595955278969243e-03
4.072190787486884034e+01,-7.400807896490822202e+01,1.589285338249949664e+00,7.481794344140777452e-03,-4.826571520334554943e-02,9.934770850197874661e-03
4.072188301947769418e+01,-7.400805273842196641e+01,-1.743196115963515203e+00,-9.466738486739520800e-03,7.180380092981564211e-02,4.840103108300393420e-02
4.072189054091019500e+01,-7.400805684628842585e+01,4.698414287327307703e-01,3.054903778299846925e-02,-1.015248608113715652e-02,-1.817062772439769630e-02
4.072188955513454545e+01,-7.400804973158953715e+01,-1.447067663089330880e+00,6.312600007987502482e-02,4.273163226579681367e-02,-4.529257050402548529e-03
4.072190142925683887e+01,-7.400804622569921776e+01,-6.725544122578999140e-01,1.252775353703520535e-02,-1.847880137692710367e-02,-1.185048999812524616e-02
4.072189372315455813e+01,-7.400805219241151178e+01,-1.590373422448069896e+00,-2.805609443147502602e-02,-3.145054850353353609e-02,-6.512569800792472607e-02
4.072189359923309127e+01,-7.400806918858376093e+01,2.342130121558405609e+00,-4.483701077176046462e-03,-4.443715434834941830e-02,9.820546407561286939e-02
4.072189909466816715e+01,-7.400805491293635896e+01,-2.078686639592644436e+00,-1.047282489562707114e-01,7.598530401632849762e-02,-5.925230240362022900e-03
4.072190003810435144e+01,-7.400803585538571383e+01,1.708103133296940523e+00,6.253705959476854592e-02,1.890630864256978572e-02,3.870327078751535643e-02
4.072189328467785430e+01,-7.400806641116798801e+01,2.358695589010775528e-01,-1.308180006368336347e-02,-6.703812815252754159e-03,-3.578513397514597461e-02
4.072190167046702669e+01,-7.400804318584796704e+01,-5.905142560953875464e-01,-7.193816318529038661e-03,1.592620034709998911e-02,-3.817152434726764354e-02
4.072188952764798842e+01,-7.400807704492761729e+01,-7.195933182238304360e-01,-5.225114275554677834e-02,2.258815361946776498e-02,-3.130875582986011180e-02
4.072188970740267422e+01,-7.400804463978329295e+01,3.775752730783945021e-01,-1.043537607480878315e-01,-1.220964775246101072e-02,-6.117023384032248962e-02
4.072192183715954883e+01,-7.400807315453350554e+01,5.709257595022589893e-01,4.170771553015813204e-02,-6.017393158502309936e-02,5.003523735421269714e-02
4.072189692120226567e+01,-7.400807769009202275e+01,-8.575273031490753262e-01,-5.469308543119869026e-02,6.631662287418613189e-02,2.343192085889947429e-02
